section,metric,value
country_reference,rows,269
country_reference,unique_country_codes,269
country_reference,duplicate_country_codes,0
country_reference,missing_country_name_ko,0
country_reference,bad_unicode_rows,0
country_reference,korean_name_without_hangul,0
country_reference,ok,True
hsk_reference,rows,178911
hsk_reference,bytes,758323
hsk_reference,schema_ok,True
hsk_reference,year_min,2012
hsk_reference,year_max,2026
hsk_reference,year_count,15
hsk_reference,duplicate_year_hs10,0
hsk_reference,invalid_hs10,0
hsk_reference,prefix_mismatch,0
hsk_reference,missing_name_ko,0
hsk_reference,missing_name_en,0
hsk_reference,bad_unicode_name_ko,0
hsk_reference,bad_unicode_name_en,0
hsk_reference,korean_name_without_hangul,0
hsk_reference,ok,True
normalization,path,H:\dev\kaggle-data\korea-customs-trade\data\audits\normalization\normalization_manifest.json
normalization,selected_country_months,47075
normalization,partition_count,175
normalization,canonical_rows,22351430
normalization,non_hs10_rows,53
normalization,fatal_anomalies,0
normalization,hsk_reference_unknown_rows,11199
normalization,hsk_reference_unknown_unique,925
normalization,schema_ok,True
normalization,duplicate_keys,0
normalization,partition_month_mismatches,0
normalization,parquet_rows,22351430
normalization,parquet_bytes,441335631
normalization,source_summary_checked,3689
normalization,source_summary_matches,3689
normalization,source_summary_mismatches,0
normalization,source_summary_missing,346
normalization,source_summary_weight_rounding_sources,3254
normalization,source_summary_weight_rounding_abs_kg,383557
normalization,stored_row_reconciliation_ok,True
normalization,ok,True
derivation,path,H:\dev\kaggle-data\korea-customs-trade\data\audits\derivation\derivation_manifest.json
derivation,input_rows,22351430
derivation,residual_input_rows,53
derivation,reconciliation_failures,0
derivation,required_levels_present,True
derivation,ok,True
anomaly_text,rows,72
anomaly_text,non_hs10_rows,53
anomaly_text,negative_weight_rows,19
anomaly_text,bad_unicode_name_ko,0
anomaly_text,korean_name_without_hangul,1
anomaly_text,ok,True
text:README.md,path,H:\dev\kaggle-data\korea-customs-trade\README.md
text:README.md,ok,True
text:README.md,bytes,13047
text:README.md,error,
text:README.ko.md,path,H:\dev\kaggle-data\korea-customs-trade\README.ko.md
text:README.ko.md,ok,True
text:README.ko.md,bytes,13779
text:README.ko.md,error,
text:DATA_MODEL.md,path,H:\dev\kaggle-data\korea-customs-trade\DATA_MODEL.md
text:DATA_MODEL.md,ok,True
text:DATA_MODEL.md,bytes,7937
text:DATA_MODEL.md,error,
text:DATA_MODEL.ko.md,path,H:\dev\kaggle-data\korea-customs-trade\DATA_MODEL.ko.md
text:DATA_MODEL.ko.md,ok,True
text:DATA_MODEL.ko.md,bytes,7965
text:DATA_MODEL.ko.md,error,
text:PROJECT_STATUS.md,path,H:\dev\kaggle-data\korea-customs-trade\PROJECT_STATUS.md
text:PROJECT_STATUS.md,ok,True
text:PROJECT_STATUS.md,bytes,12230
text:PROJECT_STATUS.md,error,
text:KAGGLE_DESCRIPTION.md,path,H:\dev\kaggle-data\korea-customs-trade\KAGGLE_DESCRIPTION.md
text:KAGGLE_DESCRIPTION.md,ok,True
text:KAGGLE_DESCRIPTION.md,bytes,3301
text:KAGGLE_DESCRIPTION.md,error,
text:DATA_DICTIONARY.md,path,H:\dev\kaggle-data\korea-customs-trade\DATA_DICTIONARY.md
text:DATA_DICTIONARY.md,ok,True
text:DATA_DICTIONARY.md,bytes,4258
text:DATA_DICTIONARY.md,error,
text:METHODOLOGY.md,path,H:\dev\kaggle-data\korea-customs-trade\METHODOLOGY.md
text:METHODOLOGY.md,ok,True
text:METHODOLOGY.md,bytes,3642
text:METHODOLOGY.md,error,
text:SOURCES.md,path,H:\dev\kaggle-data\korea-customs-trade\SOURCES.md
text:SOURCES.md,ok,True
text:SOURCES.md,bytes,1878
text:SOURCES.md,error,
text:KAGGLE_RELEASE.md,path,H:\dev\kaggle-data\korea-customs-trade\KAGGLE_RELEASE.md
text:KAGGLE_RELEASE.md,ok,True
text:KAGGLE_RELEASE.md,bytes,1670
text:KAGGLE_RELEASE.md,error,
