reference_year,hs10,fact_rows,months,name_ko_variants
2012,0209001000,3,"201203,201205",돼지 비계
2012,0301102000,1,201201,열대어
2012,0302691000,2,201201,명태
2012,0302693000,1,201201,갈치
2012,0302694000,1,201201,돔
2012,0302699090,1,201201,기타
2012,0303450000,2,201201,참다랑어(터너스 티너스)
2012,0303520000,1,201201,대구(가두스 모르화ㆍ가두스 오각ㆍ가두스 마크로세팔루스)
2012,0303610000,2,201201,황새치(자이피어스 글래디어스)
2012,0303740000,2,201201,고등어(스콤버 스콤브루스ㆍ스콤버 오스트랄라시쿠스ㆍ스콤버 자포니쿠스)
2012,0303791000,1,201201,명태
2012,0303793000,3,201201,갈치
2012,0303794090,2,201201,기타
2012,0303796000,1,201201,조기
2012,0303797000,1,201201,전갱이
2012,0303798000,1,201201,꽁치(학꽁치를 포함한다)
2012,0303799070,2,201201,볼낙(적어를 포함한다)
2012,0303799091,2,201201,아귀
2012,0303799096,1,201201,가오리
2012,0303799099,4,201201,기타
2012,0303802010,1,201201,명란
2012,0303802090,1,201201,기타
2012,0304193010,1,201201,피레트
2012,0304210000,1,201201,황새치(자이피어스 글래디어스)
2012,0304291000,2,201201,명태의 것
2012,0304293000,1,201201,대구의 것
2012,0304295000,3,201201,참다랑어의 것
2012,0304299000,4,201201,기타
2012,0304991010,1,201201,냉동연육
2012,0304999010,1,201201,냉동연육
2012,0305301000,1,201201,건조한 것
2012,0306131000,3,201201,새우살
2012,0306139000,5,"201201,201202",기타
2012,0306143000,3,"201201,201203",꽃게
2012,0306149000,2,201201,기타
2012,0306232000,1,201201,건조한 것
2012,0306233000,7,"201201,201202,201206,201207,201208",염장 또는 염수장한 것
2012,0307102000,1,201206,냉동한 것
2012,0307911910,1,201201,재첩
2012,0307991110,1,201201,새조개
2012,0307991130,1,201201,바지락
2012,0307991140,1,201201,개아지살
2012,0307991190,5,"201201,201202",기타
2012,0307993920,1,201201,해삼
2012,0307993930,1,201201,해파리
2012,0401301000,3,201201,냉동크림
2012,0401309000,2,201201,기타
2012,0604990000,1,201201,기타
2012,0709909000,1,201201,기타
2012,0802401000,1,201201,탈각하지 아니한 것
2012,0802600000,1,201201,마카다미아 너트
2012,0803000000,1,201201,"바나나(플랜틴을 포함하며, 신선 또는 건조한 것에 한한다)"
2012,0904201000,3,"201201,201202,201206",파쇄 또는 분쇄하지 아니한 것
2012,0904202000,1,201201,파쇄 또는 분쇄한 것
2012,0907000000,1,201201,정향[과실ㆍ꽃 및 화경(花莖)에 한한다]
2012,0909100000,1,201201,아니스 또는 대회향의 씨
2012,0909500000,1,201201,회향의 씨와 쥬니퍼의 열매
2012,0910101000,7,"201201,201202,201203,201204,201205,201206,201210",신선 또는 냉장한 것
2012,0910109000,2,"201201,201202",기타
2012,1004001000,1,201201,종자용
2012,1007009000,1,201201,기타
2012,1008201090,1,201201,기타
2012,1008209000,1,201201,기타
2012,1201009010,13,"201201,201202,201203,201204,201205,201206,201207,201208",콩나물용
2012,1201009090,8,"201201,201202,201204,201205,201206,201209",기타
2012,1202200000,3,"201201,201207,201210",탈각한 것(파쇄한 것인지의 여부를 불문한다)
2012,1207200000,1,201201,면실
2012,1207995000,1,201201,잇꽃씨
2012,1604302000,2,201201,캐비아 대용물
2012,1605209020,2,"201201,201202",브레드한 것
2012,1605209090,4,"201201,201202",기타
2012,1605909010,1,201201,조미오징어
2012,1605909030,1,201201,골뱅이
2012,1605909040,2,201201,홍합
2012,1605909090,8,"201201,201202,201204,201205",기타
2012,1701111000,3,201201,당도가 98.5도 이하인 것
2012,2008921010,2,201201,설탕을 첨가한 밀폐용기에 넣은 것
2012,2008929000,1,201201,기타
2012,2009801090,1,201201,기타
2012,2303300000,1,201201,양조 또는 증류시에 생기는 박과 웨이스트
2012,2528901000,1,201201,붕산칼슘
2012,2528909000,1,201201,기타
2012,2903491120,1,201201,클로로디플루오르메탄(HCFC-22)
2012,2903491230,1,201201,디클로로플루오르에탄(HCFC-141)
2012,2903699000,1,201201,기타
2012,2931009099,3,201201,기타
2012,2932293000,1,201201,부티로락톤
2012,2932299090,1,201201,기타
2012,3824909020,2,201201,폴리디페닐 메탄 폴리디이소시아네이트(크루드 엠디아이)
2012,4401301000,2,201201,목재 펠리트
2012,4401309000,3,201201,기타
2012,4818401000,1,201201,유아용 냅킨과 냅킨라이너
2012,4818409000,5,"201201,201205",기타
2012,5601100000,1,201201,"워딩제의 위생타올 및 탐폰, 유아용 냅킨과 냅킨 라이너 및 이와 유사한 위생용품"
2012,6211490000,7,"201201,201202",기타 방직용 섬유제의 것
2012,6306910000,1,201201,면제의 것
2012,6306999000,1,201201,기타
2012,6406991000,1,201201,갈아 끼울 수 있는 안창
2012,6406999000,1,201201,기타
2012,6505901010,2,201201,합성섬유제의 것
2012,6505901090,1,201201,기타 섬유제의 것
2012,6505902010,1,201206,운동모
2012,6505902090,6,"201201,201207,201209",기타
2012,6505909000,8,"201201,201202,201203,201210",기타
2012,7225409090,4,201201,기타
2012,7227909000,1,201201,기타
2012,7228600000,1,201201,기타의 봉
2012,7319200000,1,201201,안전핀
2012,7319309000,2,201201,기타
2012,7615192000,3,"201201,201203",식탁용품ㆍ주방용품
2012,8452900000,2,201201,재봉기의 기타 부분품
2012,8482101000,1,201201,내경이 100밀리미터를 초과하는 것
2012,8507802000,1,201201,리튬이온 축전지
2012,8523401000,2,201201,기록이 안된 매체
2012,8523402111,7,201201,컴퓨터 소프트웨어를 수록한 것
2012,8523402119,4,"201201,201203,201210",기타
2012,8523402120,2,"201201,201210",음성만을 재생하는 것
2012,8523402131,1,201201,"명령ㆍ데이타ㆍ음성 및 영상을 재생하는 것(자동자료처리기계에서 이진법으로 운영되고, 사용자와 상호 연결이 가능한 것에 한한다)"
2012,8523402139,4,201201,기타
2012,8523402919,1,201201,기타
2012,8523402992,1,201201,"명령ㆍ데이타ㆍ음성 및 영상을 재생하는 것(자동자료처리기계에서 이진법으로 운영되고, 사용자와 상호 연결이 가능한 것에 한한다)"
2012,8523402999,3,201201,기타
2012,8714110000,1,201201,안장
2012,8714190000,2,201201,기타
2012,9504100000,2,201201,비디오 게임용구(텔레비전 수상기와 함께 사용하는 것에 한한다)
2012,9608399000,3,201201,기타
2012,9999999225,2,"201206,201207",-
2012,9999999285,1,201205,-
2012,9999999286,6,"201203,201208,201210,201212",-
2012,9999999287,1,201204,-
2012,9999999290,780,"201201,201202,201203,201204,201205,201206,201207,201208,201209,201210,201211,201212",-
2013,0307991910,1,201304,해삼
2013,0910101000,2,"201304,201312",신선 또는 냉장한 것
2013,1201009010,1,201302,콩나물용
2013,1201009090,2,"201302,201305",기타
2013,9999999225,3,"201301,201303,201312",-
2013,9999999286,11,"201301,201304,201305,201306,201307,201308,201311,201312",-
2013,9999999287,2,"201302,201308",-
2013,9999999288,2,"201304,201307",-
2013,9999999289,3,"201304,201306,201308",-
2013,9999999290,806,"201301,201302,201303,201304,201305,201306,201307,201308,201309,201310,201311,201312",-
2014,0301929000,1,201401,기타
2014,2309909000,6,201401,기타
2014,4001214000,1,201401,알ㆍ에스ㆍ에스 3호
2014,4403202010,2,201401,더글러스퍼(Douglas fir)
2014,4403202020,2,201401,헴록(Hemlock)
2014,4407109000,8,201401,기타
2014,4409100000,8,201401,침엽수류
2014,4409290000,3,"201401,201403",기타
2014,4412314000,4,201401,두께가 6밀리미터 이상 10밀리미터 미만인 것
2014,5105291000,1,201401,순모울톱
2014,7228300000,1,201401,그 밖의 봉[열간(熱間)압연ㆍ열간인발(熱間引拔)ㆍ압출보다 더 가공하지 않은 것으로 한정한다]
2014,7228400000,3,201401,그 밖의 봉[단조(鍛造)보다 더 가공하지 않은 것으로 한정한다]
2014,8427201010,1,201401,적재중량이 3톤 이하인 것
2014,8429521010,1,201401,휠 타입
2014,8508110000,1,201401,"출력이 1,500와트 이하이고, 먼지 백이나 그 밖의 20리터 이하 용량의 저장조를 갖춘 것"
2014,8508191000,2,201401,가정용
2014,8512100000,1,201401,자전거에 사용되는 조명용이나 시각 신호용 기구
2014,8512201000,3,201401,조명용 기구
2014,8512202000,2,201401,시각신호용 기구
2014,8513102000,4,"201401,201402,201405",손전등
2014,8513109000,5,"201401,201405",기타
2014,8515901000,3,201401,용접기의 것
2014,8541901000,1,201401,리드프레임
2014,9018501000,2,201401,안과용 기기
2014,9018909010,9,"201401,201402",그 밖의 일반외과용 기기
2014,9025901100,1,201401,온도센서
2014,9025901900,3,201401,그 밖의 센서
2014,9025909000,3,201401,기타
2014,9026901100,1,201401,레벨센서
2014,9026901300,2,201401,압력센서
2014,9027909110,2,201401,가스센서
2014,9027909991,3,201401,가스ㆍ매연분석기기와 마이크로톰(microtome)의 것
2014,9027909999,7,201401,기타
2014,9029901100,1,201401,속도센서
2014,9029909000,1,201401,기타
2014,9030909010,1,201401,소호 제9030.82호의 것(소호 제9030.90호의 센서를 포함한다)
2014,9030909090,5,201401,기타
2014,9031499090,2,201401,기타
2014,9031909019,1,201401,그 밖의 것
2014,9031909090,4,201401,기타
2014,9999999285,3,"201401,201407,201411",-
2014,9999999286,6,"201402,201408,201409,201412",-
2014,9999999287,2,"201407,201408",-
2014,9999999289,3,"201406,201407,201408",-
2014,9999999290,766,"201401,201402,201403,201404,201405,201406,201407,201408,201409,201410,201411,201412",-
2015,9999999225,1,201502,-
2015,9999999285,2,"201501,201505",-
2015,9999999286,10,"201501,201502,201503,201505,201508,201509",-
2015,9999999287,1,201503,-
2015,9999999288,1,201505,-
2015,9999999290,791,"201501,201502,201503,201504,201505,201506,201507,201508,201509,201510,201511,201512",-
2016,2202992000,1,201612,과실주스 음료
2016,2202993000,1,201612,식혜
2016,3920999000,1,201605,기 타
2016,4901001000,1,201605,-
2016,4910000100,1,201604,-
2016,7319900000,1,201604,기 타
2016,7419990000,1,201605,기 타
2016,8421999099,1,201611,기타
2016,8431409000,1,201605,-
2016,8433900000,1,201605,-
2016,9999999287,1,201601,-
2016,9999999290,772,"201601,201602,201603,201604,201605,201606,201607,201608,201609,201610,201611,201612",-
2017,0303902010,1,201701,명란
2017,0305592000,1,201701,멸치
2017,0306272000,1,201702,건조한 것
2017,0306273000,5,"201701,201703,201704",염장이나 염수장한 것
2017,0307491020,4,201701,오징어
2017,0307591010,3,201701,문어
2017,0307591020,3,201701,낙지
2017,0307591030,3,201701,주꾸미
2017,0307791030,1,201701,바지락
2017,0307791040,1,201701,피조개
2017,0307791090,2,201701,기타
2017,0307991100,2,201701,개아지살
2017,0307991900,3,201701,기타
2017,0308191000,1,201701,냉동한 것
2017,1211903000,1,201701,원지(遠志)
2017,1211904000,1,201701,패모(貝母)
2017,1211906000,2,201701,감초
2017,1211909020,1,201701,산조인(酸棗仁)
2017,1211909040,1,201701,용안육(龍眼肉)
2017,1211909050,1,201701,산사자(山査子)
2017,1211909060,1,201701,연자육(蓮子肉)
2017,1211909091,1,201701,건조한 도라지
2017,1211909093,1,201701,오미자
2017,1211909099,8,201701,기타
2017,2202902000,3,201701,과실주스 음료
2017,2202909000,7,"201701,201702,201703",기타
2017,2811199090,1,201704,기타
2017,2853009000,1,201701,기타
2017,2904909000,1,201701,기타
2017,2924299091,1,201701,"이오프로마이드, 이오파미돌, 이오메프롤"
2017,2939710000,16,"201702,201703,201705,201706,201707,201708,201709,201710,201711,201712",코카인ㆍ엑고닌ㆍ레보메탐페타민ㆍ메탐페타민(INN)ㆍ메탐페타민 레이스메이트 및 이들의 염ㆍ에스테르ㆍ그 밖의 유도체
2017,2939994000,1,201702,니코틴과 그 염
2017,3002101000,1,201701,혈액 분획물의 조제품과 의약품으로 포장된 것
2017,3506910000,3,201701,제3901호부터 제3913호까지의 폴리머(polymer)나 고무를 기본 재료로 한 접착제
2017,3702429090,1,201701,기타
2017,3702569090,1,201701,기타
2017,3705909090,1,201701,기타
2017,3812301000,1,201701,산화방지 조제품
2017,3812302000,4,201701,그 밖의 복합안정제
2017,3818002000,1,201701,전자공업에 사용하기 위하여 도프처리된(doped) 화학화합물
2017,3824907100,1,201701,도금용 조제품
2017,3824907200,1,201701,염화파라핀
2017,3824907300,1,201701,소포제
2017,3824907500,1,201701,조제 탄산칼슘
2017,3824908090,1,201701,기타
2017,3824909061,4,"201701,201702",니코틴을 함유한 것
2017,3824909069,3,201701,기타
2017,3824909090,12,201701,기타
2017,3907600000,2,201701,폴리(에틸렌 테레프탈레이트)
2017,3909300000,2,201701,그 밖의 아미노수지
2017,4011990000,1,201701,기타
2017,4403201000,2,201701,삼나무
2017,4403202000,1,201701,미송
2017,4403207000,1,201701,가문비나무
2017,4403208000,2,201701,라디에타소나무(Radiata pine)
2017,4403209000,4,"201701,201704",기타
2017,4403999019,1,201701,기타
2017,4403999090,1,201701,기타
2017,4407101000,1,201701,삼나무
2017,4407102020,1,201701,헴록(Hemlock)
2017,4407103000,5,201701,적송
2017,4407104000,2,201701,전나무
2017,4407107000,1,201701,가문비나무
2017,4407108000,2,201701,라디에타소나무(Radiata pine)
2017,4407109090,7,201701,기타
2017,4407993050,1,201701,자작나무
2017,4407999010,3,201701,열대산 목재(앞에서 열거한 것은 제외한다)
2017,4407999090,4,201701,기타
2017,4408909992,1,201701,무늬목
2017,4411132000,1,201701,기계적 가공을 하거나 표면을 피복한 것
2017,4411142090,1,201701,기타
2017,4411922010,1,201701,마루판
2017,4412314020,1,201701,두께가 8밀리미터 이상 10밀리미터 미만인 것
2017,4412315000,3,201701,두께가 10밀리미터 이상 12밀리미터 미만인 것
2017,4412316000,2,201701,두께가 12밀리미터 이상 15밀리미터 미만인 것
2017,4412317000,1,201701,두께가 15밀리미터 이상인 것
2017,4412321000,1,201701,두께가 3.2밀리미터 미만인 것
2017,4412323000,4,201701,두께가 4밀리미터 이상 6밀리미터 미만인 것
2017,4412324010,5,201701,두께가 6밀리미터 이상 8밀리미터 미만인 것
2017,4412324020,5,201701,두께가 8밀리미터 이상 10밀리미터 미만인 것
2017,4412325000,4,201701,두께가 10밀리미터 이상 12밀리미터 미만인 것
2017,4412326000,4,201701,두께가 12밀리미터 이상 15밀리미터 미만인 것
2017,4412327000,4,201701,두께가 15밀리미터 이상인 것
2017,4412391090,2,"201701,201710",기타
2017,4412991043,1,201701,기타[각 플라이가 6밀리미터 이하의 시트(sheet)만으로 구성된 것으로서 전체 두께가 6밀리미터 이상인 것으로 한정한다]
2017,4412992090,1,201701,기타
2017,4412993010,1,201701,각 플라이가 6밀리미터 이하인 시트(sheet)만으로 구성된 것으로서 전체 두께가 6밀리미터 이상인 것
2017,4412999291,3,201701,각 플라이가 6밀리미터 이하인 시트(sheet)만으로 구성된 것으로서 전체 두께가 6밀리미터 이상인 것
2017,4412999299,1,201701,기타
2017,4418721000,1,201701,파케이패널(parquet panel)
2017,4418729000,1,201701,기타
2017,4418909000,3,201701,기타
2017,4419002010,1,201701,대나무로 만든 것
2017,4419002090,2,201701,기타
2017,4419009000,6,201701,나무로 만든 식탁용품과 주방용품
2017,4421901090,2,201701,기타
2017,4421909000,4,201701,기타
2017,6005340000,1,201701,날염한 것
2017,6907109000,1,201701,기타
2017,6907901000,3,201701,자기제의 것
2017,6907909000,2,201701,기타
2017,6908109000,1,201701,기타
2017,6908901000,6,"201701,201703,201706",자기제의 것
2017,6908909000,7,201701,기타
2017,8421299000,2,201701,기타
2017,8421399090,4,201701,기타
2017,8421999020,2,201701,정수기 교체용 필터
2017,8421999090,6,201701,기타
2017,8423810000,3,201701,최대 측정용량이 30킬로그램 이하인 것
2017,8423909000,2,201701,저울의 부분품
2017,8424812000,1,201701,그 밖의 방제기
2017,8424819000,1,201701,기타
2017,8456103000,1,201701,레이저 방식으로 하는 것
2017,8460219000,1,201701,기타
2017,8463900000,2,201701,기타
2017,8466930000,7,201701,제8456호부터 제8461호까지의 기계용
2017,8471800000,3,201701,그 밖의 자동자료처리기계의 단위 기기
2017,8473304020,1,201701,비디오 카드
2017,8473304050,2,201701,통신접속카드
2017,8477590000,1,201701,기타
2017,8481909000,6,"201701,201702",기타
2017,8505901000,1,201701,전자석
2017,8507600000,4,"201701,201702,201709",리튬이온 축전지
2017,8507803000,2,201701,리튬폴리머 축전지
2017,8507809000,2,201701,기타
2017,8515190000,2,201701,기타
2017,8518109000,4,201701,기타
2017,8519891090,2,201701,기타
2017,8528511000,3,"201701,201702,201707",액정모니터
2017,8528519000,2,201701,기타
2017,8529909920,1,201701,소호 제8528.51호ㆍ제8528.41.0000호ㆍ제8528.61.0000호의 것
2017,8531201010,1,201701,셀룰러 통신망을 이용한 휴대전화용의 것
2017,8531201090,1,201701,기타
2017,8531801090,1,201701,기타
2017,8533211000,1,201701,칩형
2017,8533402000,2,201701,써머스터
2017,8537102000,5,201701,제어반
2017,8540209000,1,201701,기타
2017,8541409020,2,201701,광전지(태양전지ㆍ포토다이오드ㆍ포토커플ㆍ포토릴레이를 포함한다)
2017,8546202000,1,201701,"정격전압이 1,000볼트 초과하고 10킬로볼트 이하인 것"
2017,8711103000,1,201701,사이드카
2017,9004901090,3,201701,기타
2017,9006599090,1,201701,기타
2017,9018120000,2,201701,초음파 영상진단기
2017,9018909019,4,201701,기타
2017,9018909020,1,201704,산부인과용 기기
2017,9018909030,1,201701,"내시경(위내시경, 복막경, 방광경과 이와 유사한 것으로 한정한다)"
2017,9018909040,1,201701,인공신장기
2017,9018909050,2,201701,인공신장기용 투석기
2017,9018909060,1,201701,수의과용 기기
2017,9018909079,1,201701,기타
2017,9025802090,1,201701,기타
2017,9401510000,1,201701,대나무나 등나무로 만든 것
2017,9406001000,1,201701,나무로 만든 것
2017,9406009020,1,201703,철강으로 만든 것
2017,9406009090,1,201701,기타
2017,9504300000,4,201701,그 밖의 게임용구(코인ㆍ은행권ㆍ은행카드ㆍ토큰과 그 밖의 지급수단으로 작동되는 것으로 한정하며 자동식 볼링장용구는 제외한다)
2017,9504909010,3,201701,비디오 게임용구의 것
2017,9619009000,3,201701,기타
2017,9999999286,1,201703,-
2017,9999999290,738,"201701,201702,201703,201704,201705,201706,201707,201708,201709,201710,201711,201712",-
2018,2202902000,1,201808,과실주스 음료
2018,2939710000,13,"201802,201803,201804,201806,201807,201809,201810,201811,201812",코카인ㆍ엑고닌ㆍ레보메탐페타민ㆍ메탐페타민(INN)ㆍ메탐페타민 레이스메이트 및 이들의 염ㆍ에스테르ㆍ그 밖의 유도체
2018,3824909090,2,201803,기타
2018,9999999287,1,201811,-
2018,9999999290,764,"201801,201802,201803,201804,201805,201806,201807,201808,201809,201810,201811,201812",-
2019,2939710000,11,"201903,201904,201905,201906,201907,201909,201910,201911,201912",코카인ㆍ엑고닌ㆍ레보메탐페타민ㆍ메탐페타민(INN)ㆍ메탐페타민 레이스메이트 및 이들의 염ㆍ에스테르ㆍ그 밖의 유도체
2019,9999999286,1,201908,-
2019,9999999290,694,"201901,201902,201903,201904,201905,201906,201907,201908,201909,201910,201911,201912",-
2020,2939710000,13,"202002,202003,202004,202005,202006,202008,202009,202010,202011,202012",코카인ㆍ엑고닌ㆍ레보메탐페타민ㆍ메탐페타민(INN)ㆍ메탐페타민 레이스메이트 및 이들의 염ㆍ에스테르ㆍ그 밖의 유도체
2020,6505100000,1,202001,헤어네트
2020,9999999290,687,"202001,202002,202003,202004,202005,202006,202007,202008,202009,202010,202011,202012",-
2021,2939710000,14,"202101,202102,202103,202104,202106,202109,202110,202112",코카인ㆍ엑고닌ㆍ레보메탐페타민ㆍ메탐페타민(INN)ㆍ메탐페타민 레이스메이트 및 이들의 염ㆍ에스테르ㆍ그 밖의 유도체
2021,9999999290,703,"202101,202102,202103,202104,202105,202106,202107,202108,202109,202110,202111,202112",-
2022,0303390000,3,202201,기타
2022,0303895000,1,202201,조기
2022,0305530000,1,202202,대구[가두스 모르화(Gadus morhua)ㆍ가두스 오각(Gadus ogac)ㆍ가두스 마크로세팔루스(Gadus macrocephalus)] 이외의 브레그마세로티대(Bregmacerotidae)과ㆍ유클리티대(Euclichthyidae)과ㆍ가디대(Gadidae)과ㆍ마크로우리대(Macrouridae)과ㆍ멜라노니대(Melanonidae)과ㆍ메르루치대(Merlucciidae)과ㆍ모리대(Moridae)과ㆍ무라에놀레피디대(Muraenolepididae)과의 어류
2022,0305593000,1,202201,명태(북어)
2022,0306179090,6,202201,기타
2022,0307210000,2,202201,"살아 있는 것, 신선한 것, 냉장한 것"
2022,0307711090,1,202201,기타
2022,0403109000,1,202201,기타
2022,0410002000,1,202201,칼새둥지
2022,0602109000,1,202201,기타
2022,0602902099,1,202201,기타
2022,0703101000,10,"202201,202202,202203,202204,202205,202206",양파
2022,0709592000,1,202201,표고버섯
2022,0710809000,2,"202201,202202",기타
2022,0712391020,2,202201,표고버섯
2022,0802901010,1,202202,껍데기를 벗기지 않은 것
2022,0802901020,2,"202201,202203",껍데기를 벗긴 것
2022,0802902020,1,202203,껍데기를 벗긴 것
2022,0802909000,4,"202201,202202",기타
2022,0906201000,1,202201,계피
2022,1208900000,1,202201,기타
2022,1509100000,3,202201,버진(virgin)
2022,1510000000,6,"202201,202205","그 밖의 올리브유와 그 분획물(올리브에서 얻은 것으로서 정제했는지에 상관없으며 화학적으로 변성 가공한 것은 제외하고, 이들의 기름이나 그 분획물이 제1509호의 기름이나 그 분획물과 혼합된 것을 포함한다)"
2022,1605529000,1,202201,기타
2022,1605559000,1,202201,기타
2022,1605691000,1,202201,밀폐용기에 넣은 것
2022,1605699000,2,"202201,202203",기타
2022,2526109000,1,202201,기타
2022,2621900000,1,202201,기타
2022,2811198000,1,202201,비산
2022,2818200000,1,202201,산화알루미늄[인조 커런덤(corundum)은 제외한다]
2022,2825109010,1,202201,히드라진
2022,2825902020,1,202201,수산화망간
2022,2832202000,1,202201,아황산 칼륨
2022,2832303000,1,202201,티오황산 칼륨
2022,2835101020,1,202201,하이포아인산칼슘
2022,2835101090,1,202201,기타
2022,2841909000,1,202201,기타
2022,2843219000,1,202201,기타
2022,2844402000,1,202201,방사성동위원소
2022,2903399000,1,202201,기타
2022,2904109000,3,202201,기타
2022,2906299000,1,202201,기타
2022,2909509000,1,202201,기타
2022,2912499000,1,202201,기타
2022,2914199000,1,202201,기타
2022,2920901090,1,202201,기타
2022,2920903000,1,202201,탄산에스테르의 것
2022,2920909090,2,202201,기타
2022,2921599090,1,202201,기타
2022,2922509090,1,202201,기타
2022,2926901000,1,202201,아세토니트릴
2022,2926909099,2,202201,기타
2022,2928009091,1,202201,농약원제(農藥原劑)(｢농약관리법｣에 따라 등록된 것으로 한정한다)
2022,2929909000,1,202201,기타
2022,2930902010,1,202201,포레이트(ISO)
2022,2930909099,2,202201,기타
2022,2931902991,1,202201,농약원제(農藥原劑)(｢농약관리법｣에 따라 등록된 것으로 한정한다)
2022,2931909099,2,202201,기타
2022,2933199010,1,202201,페닐부타존
2022,2933399010,1,202201,농약원제(農藥原劑)(｢농약관리법｣에 따라 등록된 것으로 한정한다)
2022,2933399090,1,202201,기타
2022,2933591999,1,202201,기타
2022,2933592090,1,202201,기타
2022,2934202000,1,202201,머캐프토 벤조티아졸
2022,2934992000,3,202201,"핵산, 이들의 염과 유도체"
2022,2934999010,1,202201,농약원제(農藥原劑)(｢농약관리법｣에 따라 등록된 것으로 한정한다)
2022,2934999090,2,202201,기타
2022,2935909090,1,202201,기타
2022,2942009090,3,202201,기타
2022,3002121000,1,202201,"혈액 분획물의 조제품, 의약품으로서 일정한 투여량으로 한 것 또는 소매용 모양이나 포장을 한 것"
2022,3002129040,1,202201,혈청과 혈장(합성인 것은 제외한다)
2022,3002904000,2,202201,미생물 배양체
2022,3003909900,5,"202201,202202",기타
2022,3004909500,1,202201,로열젤리 제제
2022,3101001090,1,202201,기타
2022,3301299000,7,202201,기타
2022,3307902000,1,202201,향낭
2022,3402110000,1,202201,음이온성
2022,3402139000,3,202201,기타
2022,3402190000,2,202201,기타
2022,3402201000,6,202201,조제 세제
2022,3402202000,5,"202201,202202",조제 청정제
2022,3402209000,6,"202201,202202,202204",기타
2022,3605009000,1,202201,기타
2022,3606901030,1,202201,고체 알코올
2022,3606902090,1,202201,기타
2022,3701309100,1,202201,인쇄제판용
2022,3701309990,1,202201,기타
2022,3702329030,1,202201,인스턴트 프린트필름
2022,3802901010,1,202201,활성 규조토
2022,3802901090,1,202201,기타
2022,3806909000,1,202201,기타
2022,3816009000,2,202201,기타
2022,3822001011,4,202201,"플라스틱으로 만든 그 밖의 판, 시트(sheet), 필름, 박(箔)과 스트립(strip)의 것"
2022,3822001019,2,202201,기타
2022,3822001020,1,202201,조제된 것(뒷편을 보강하지 않은 것으로 한정한다)
2022,3822001092,1,202201,플라스틱으로 만든 그 밖의 제품
2022,3822002011,1,202201,"플라스틱으로 만든 그 밖의 판, 시트(sheet), 필름, 박(箔)과 스트립(strip)의 것"
2022,3822002013,1,202201,"종이, 판지, 셀룰로오스워딩, 셀룰로오스 섬유의 웹(web)[제48류의 주 제8호의 롤 모양이나 시트(sheet) 모양으로 한정한다]"
2022,3822002014,1,202201,리트머스 시험지와 그 밖의 이와 유사한 시험지
2022,3822002019,6,202201,기타
2022,3822002020,2,202201,조제된 것(뒷편을 보강하지 않은 것으로 한정한다)
2022,3822002099,5,202201,기타
2022,3824999041,2,"202201,202212",니코틴을 함유한 것
2022,3824999049,2,202201,기타
2022,3901209000,1,202201,기타
2022,3904690000,3,202201,기타
2022,3907201000,1,202201,폴리옥시에틸렌(폴리에틸렌 글리콜)
2022,3907209000,6,202201,기타
2022,3909101000,1,202201,요소수지
2022,3912901000,1,202201,재생 셀룰로오스
2022,3913909090,2,202201,기타
2022,3915909000,3,"202201,202206",기타
2022,3921195010,1,202201,벌커나이즈드 파이버로 만든 것
2022,3921905090,2,202201,기타
2022,4005999000,1,202201,기타
2022,4011909000,1,202201,기타
2022,4201009010,2,202201,안장과 안장용 방석
2022,4201009020,2,202201,고삐줄
2022,4201009030,5,"202201,202202,202203,202206",끈
2022,4201009040,1,202201,재갈
2022,4201009090,7,"202201,202202,202205,202210",기타
2022,4202111090,10,"202201,202202,202203,202204,202205,202206,202207,202208",기타
2022,4202199000,21,"202201,202202,202203,202204,202205,202206,202208,202209",기타
2022,4202299000,15,"202201,202202,202203,202204,202205",기타
2022,4202399000,18,"202201,202202,202203,202205,202209,202211",기타
2022,4202911090,7,"202201,202202",기타
2022,4203109050,1,202203,조끼류
2022,4205001190,3,"202201,202202",기타
2022,4205002110,1,202201,벨트
2022,4205002190,1,202201,기타
2022,4303101990,2,202201,기타
2022,4402901000,2,202201,성형 목탄
2022,4402909000,4,202201,기타
2022,4403252000,1,202201,미송
2022,4407111000,1,202201,적송
2022,4407122000,2,202201,가문비나무[피세아(Picea)종]
2022,4412941000,1,202201,블록보드(blockboard)
2022,4412942000,1,202201,라민보드(laminboard)
2022,4412994991,1,202201,각 플라이가 6밀리미터 이하인 시트(sheet)만으로 구성된 것으로서 전체 두께가 6밀리미터 이상인 것
2022,4412995991,2,202201,각 플라이가 6밀리미터 이하인 시트(sheet)만으로 구성된 것으로서 전체 두께가 6밀리미터 이상인 것
2022,4412995999,1,202201,기타
2022,4412996991,1,202201,각 플라이가 6밀리미터 이하인 시트(sheet)만으로 구성된 것으로서 전체 두께가 6밀리미터 이상인 것
2022,4412999999,1,202201,기타
2022,4414000000,6,"202201,202202,202203,202204",나무로 만든 그림틀ㆍ사진틀ㆍ거울틀이나 이와 유사한 틀
2022,4418100000,1,202201,"창, 프랑스 창과 이들의 틀"
2022,4418200000,1,202201,문ㆍ문틀ㆍ문지방
2022,4420101000,6,"202201,202202,202205",작은 조각상
2022,4420109000,2,202201,기타
2022,4420902020,1,202201,신변장식용품용 상자
2022,4420902030,1,202201,제94류에 해당하지 않는 그 밖의 가구
2022,4420902090,2,202201,기타
2022,4802691040,1,202201,팬시지
2022,4810149000,1,202201,기타
2022,4811901090,2,202201,기타
2022,4905911000,1,202201,지도와 해도
2022,4905919000,1,202201,기타
2022,5205331000,1,202201,표백하지 않거나 머서(mercer)처리하지 않은 것
2022,5205439000,1,202201,기타
2022,5205441000,1,202201,표백하지 않거나 머서(mercer)처리하지 않은 것
2022,5206459000,1,202201,기타
2022,5207109000,1,202201,기타
2022,5207909000,2,202201,기타
2022,5210499000,1,202201,기타
2022,5310101000,1,202204,황마직물
2022,5407719000,1,202201,기타
2022,5407729000,1,202201,기타
2022,5407739000,1,202201,기타
2022,5503209090,1,202201,기타
2022,5508209000,1,202201,기타
2022,5512211000,1,202201,아크릴의 것
2022,5515999000,1,202201,기타
2022,5516329000,1,202201,기타
2022,5516939000,1,202201,기타
2022,5516949000,1,202201,기타
2022,5602219000,1,202201,기타
2022,5608111000,1,202201,합성섬유로 만든 것
2022,5608909000,2,"202201,202202",기타
2022,5703200000,5,"202201,202202",나일론이나 폴리아미드로 만든 것
2022,5703300000,1,202201,그 밖의 인조방직용 섬유로 만든 것
2022,5801102000,1,202201,셔닐(chenille)직물
2022,5802190000,1,202201,기타
2022,5805002000,1,202201,자수의 태피스트리(tapestry)
2022,5806399000,1,202201,기타
2022,5911109000,1,202201,기타
2022,6105909000,2,"202201,202202",기타
2022,6106909000,2,202201,기타
2022,6107999000,2,202201,기타
2022,6108191000,1,202201,면으로 만든 것
2022,6108999000,2,"202201,202202",기타
2022,6114909000,12,"202201,202209",기타
2022,6115301000,2,"202201,202206",인조섬유로 만든 것
2022,6115309000,1,202201,기타
2022,6117801000,4,202201,넥타이류
2022,6117809000,4,202201,기타
2022,6201110000,1,202201,양모나 동물의 부드러운 털로 만든 것
2022,6201120000,3,202201,면으로 만든 것
2022,6201131000,5,202201,합성섬유로 만든 것
2022,6201190000,5,202201,그 밖의 방직용 섬유로 만든 것
2022,6201910000,2,"202201,202202",양모나 동물의 부드러운 털로 만든 것
2022,6201920000,2,202201,면으로 만든 것
2022,6201931000,10,"202201,202202,202209",합성섬유로 만든 것
2022,6201990000,9,"202201,202202,202203",그 밖의 방직용 섬유로 만든 것
2022,6202110000,6,202201,양모나 동물의 부드러운 털로 만든 것
2022,6202120000,4,202201,면으로 만든 것
2022,6202131000,9,202201,합성섬유로 만든 것
2022,6202190000,6,"202201,202202,202203,202204",그 밖의 방직용 섬유로 만든 것
2022,6202920000,2,202201,면으로 만든 것
2022,6202931000,12,"202201,202202,202203,202204",합성섬유로 만든 것
2022,6202990000,21,"202201,202202,202203,202205,202206,202208",그 밖의 방직용 섬유로 만든 것
2022,6203299000,2,"202201,202202",기타
2022,6204199000,2,"202201,202202",기타
2022,6205909000,12,"202201,202202,202203,202204",기타
2022,6208199000,1,202201,기타
2022,6208999000,11,"202201,202202,202203,202204",기타
2022,6209901090,6,"202201,202202,202203,202205",기타
2022,6210201000,1,202201,제5903호의 직물로 만든 것
2022,6210301000,2,202201,제5903호의 직물로 만든 것
2022,6303199000,3,"202201,202207",기타
2022,6306409000,1,202201,그 밖의 방직용 섬유로 만든 것
2022,6403519000,2,"202201,202209",기타
2022,6403993000,1,202201,편상화(lace-boots)
2022,6404201000,1,202201,실내화
2022,6404209000,3,"202201,202203",기타
2022,6406909010,3,"202201,202202",갈아 끼울수 있는 안창
2022,6406909020,1,202201,힐 쿠션
2022,6406909040,3,"202202,202203,202209",레깅
2022,6406909090,4,"202201,202202",기타
2022,6506999000,3,202201,기타
2022,6601991000,1,202201,지팡이 겸용 우산
2022,6703001010,1,202201,세척ㆍ정돈한 것
2022,6703001090,1,202202,기타
2022,6704193000,1,202201,가눈썹
2022,6803009000,1,202201,기타
2022,6804220000,5,"202201,202204",그 밖의 연마재료로 만든 것(응결된 것으로 한정한다)이나 도자제의 것
2022,6815101000,1,202201,비전기용 흑연제품
2022,6815102000,1,202201,탄소섬유
2022,6815109000,4,202201,기타
2022,6903201000,1,202201,레토르트(retort)
2022,6911901000,5,"202201,202202,202203",가정용품
2022,6911909000,14,"202201,202202,202203,202204,202205",기타
2022,6913101000,2,"202201,202205",조각상ㆍ작은 소각상ㆍ흉상
2022,6913109020,2,202201,식탁장식용품
2022,6913109090,2,"202201,202205",기타
2022,6913901000,6,"202201,202203",조각상ㆍ작은 소각상ㆍ흉상
2022,6913909020,4,202201,식탁장식용품
2022,6913909090,7,202201,기타
2022,7019400000,1,202201,로빙(roving) 직물
2022,7019590000,3,202201,기타
2022,7019909000,2,202201,기타
2022,7104909090,2,202201,기타
2022,7114119000,1,202201,기타
2022,7114209000,1,202201,기타
2022,7419101000,1,202201,체인
2022,7419910000,1,202201,주조ㆍ주형ㆍ압착ㆍ단조(鍛造)된 것(이보다 더 가공하지 않은 것으로 한정한다)
2022,7419999000,3,"202201,202203",기타
2022,7602000000,30,"202201,202202",알루미늄의 웨이스트(waste)와 스크랩(scrap)
2022,8103900000,1,202201,기타
2022,8112997000,1,202201,레늄
2022,8203109000,3,202201,기타
2022,8205592000,1,202201,땜인두
2022,8205596000,1,202201,미장용과 도장용 공구
2022,8205597000,2,202201,시계 제조용 공구
2022,8205909010,3,202201,이호의 둘 이상의 소호에 해당하는 물품의 세트
2022,8205909090,9,"202201,202202,202203",기타
2022,8207301000,2,202201,프레싱(pressing)용
2022,8207303000,2,202201,펀칭(punching)용
2022,8210003000,1,202201,비터(beater)ㆍ믹서
2022,8213004000,1,202201,가위날
2022,8214901000,1,202201,이발기
2022,8215911000,1,202201,스푼
2022,8215912000,1,202201,포크
2022,8308903000,1,202201,구슬
2022,8409992000,2,202201,제87류의 차량용
2022,8409993020,1,202202,"출력이 300킬로와트 초과 2,000킬로와트 이하인 내연기관의 것"
2022,8409993030,2,202201,"출력이 2,000킬로와트를 초과하는 내연기관의 것"
2022,8409999090,8,202201,기타
2022,8419399000,1,202201,기타
2022,8442305000,1,202201,"다른 공정에 의한 식자용 기계류, 장치, 장비(활자 주조용 장치를 갖추었는지에 상관없다)"
2022,8443314000,1,202201,잉크젯방식 인쇄기(제8443.31.10호의 것은 제외한다)
2022,8443325090,1,202201,기타
2022,8443995000,3,202201,"제8443.31.4000호, 제8443.32.5010호, 제8443.32.5090호, 제8443.39.1010호, 제8443.39.1090호의 것"
2022,8444004000,1,202201,절단기
2022,8462290000,2,202201,기타
2022,8462411000,1,202204,펀칭기(전단기와 결합된 것을 포함한다)
2022,8462491000,1,202201,펀칭기(전단기와 결합된 것을 포함한다)
2022,8462913000,1,202201,"최고가압이 300메트릭톤 초과 1,000메트릭톤 이하인 것"
2022,8462991090,1,202201,기타
2022,8470103010,1,202201,17단위 미만인 것
2022,8470104090,2,"202201,202203",기타
2022,8471603090,4,"202201,202202,202203",기타
2022,8472309000,1,202201,기타
2022,8473409000,2,202201,기타
2022,8473509000,2,202201,기타
2022,8477591000,7,"202201,202202,202203,202205,202209",3D 프린터
2022,8477599000,1,202210,기타
2022,8479899070,1,202211,3D 프린터
2022,8486305019,1,202201,기타
2022,8486901010,3,202201,"제8486.10.1000호, 제8486.10.2000호, 제8486.10.3011호, 제8486.10.3019호, 제8486.10.3020호, 제8486.10.4011호, 제8486.10.4021호, 제8486.10.5010호, 제8486.10.5020호, 제8486.10.5030호의 것"
2022,8486902010,6,202201,"제8486.20.1000호, 제8486.20.2100호, 제8486.20.2210호, 제8486.20.2310호, 제8486.20.2390호, 제8486.20.3000호, 제8486.20.4000호, 제8486.20.5110호, 제8486.20.5910호, 제8486.20.6010호, 제8486.20.6020호, 제8486.20.6091호, 제8486.20.6099호, 제8486.20.7000호, 제8486.20.8110호, 제8486.20.8120호, 제8486.20.8410호, 제8486.20.8420호, 제8486.20.9110호, 제8486.20.9120호, 제8486.20.9190호, 제8486.20.9200호, 제8486.20.9310호, 제8486.20.9321호, 제8486.20.9329호, 제8486.20.9400호, 제8486.20.9500호, 제8486.20.9600호의 것"
2022,8486902020,2,202201,"제8486.20.2290호, 제8486.20.5190호, 제8486.20.5990호, 제8486.20.8190호, 제8486.20.8490호, 제8486.20.9390호, 제8486.20.9900호의 것"
2022,8486903010,1,202201,"제8486.30.1000호, 제8486.30.2000호의 것"
2022,8486903020,2,"202202,202203","제8486.30.3010호, 제8486.30.3020호, 제8486.30.3030호, 제8486.30.3043호, 제8486.30.3049호, 제8486.30.4010호, 제8486.30.4090호, 제8486.30.6020호, 제8486.30.7000호, 제8486.30.8000호, 제8486.30.9020호, 제8486.30.9090호의 것"
2022,8486904010,4,202201,"제8486.40.1010호, 제8486.40.1020호, 제8486.40.1030호, 제8486.40.2010호, 제8486.40.2031호, 제8486.40.2070호, 제8486.40.2080호, 제8486.40.2091호, 제8486.40.2094호, 제8486.40.2095호, 제8486.40.3010호, 제8486.40.3020호,제8486.40.3090호의 것"
2022,8486904020,3,202201,"제8486.40.1040호, 제8486.40.1090호, 제8486.40.2020호, 제8486.40.2039호, 제8486.40.2040호, 제8486.40.2050호,  제8486.40.2092호, 제8486.40.2093호, 제8486.40.2099호의 것"
2022,8507601000,2,"202201,202202",리튬폴리머 축전지
2022,8514103000,2,202201,식품공업용
2022,8514309000,1,202201,기타
2022,8517121090,7,202201,기타
2022,8517123090,1,202201,기타
2022,8517129010,4,"202201,202203",디지털 방송수신이 가능한 것
2022,8517129090,10,"202201,202202,202204,202205",기타
2022,8517622090,3,202201,기타
2022,8517623310,1,202201,광중계장치
2022,8517623390,2,202201,기타
2022,8517623430,4,"202201,202203",모뎀(모뎀카드를 포함한다)
2022,8517623490,1,202201,기타
2022,8517623590,1,202202,기타
2022,8517623900,5,"202201,202202,202203",기타
2022,8517624010,1,202201,키-폰
2022,8517625000,1,202201,무선전화용ㆍ무선전신용 송신기기
2022,8517626031,1,202201,워키토키 세트
2022,8517626039,1,202201,기타
2022,8517626050,1,202201,무선통신용 교환기
2022,8517626060,1,202201,무선통신용 중계기
2022,8517626090,16,"202201,202202,202203,202204,202205,202206,202207",기타
2022,8517629000,16,"202201,202202,202203,202204,202205,202207,202208",기타
2022,8517691900,1,202201,기타
2022,8517699000,2,202201,기타
2022,8517701010,1,202201,유선전화기의 것
2022,8517701023,3,"202201,202209",디스플레이 모듈
2022,8517701029,2,202201,기타
2022,8517701090,3,"202201,202202,202206",기타
2022,8517703029,2,202201,기타
2022,8517703032,2,202201,광섬유 전송시스템의 것
2022,8517703039,4,202201,기타
2022,8517703049,2,202201,기타
2022,8517703050,1,202201,무선전화용ㆍ무선전신용 송신기기의 것
2022,8517703090,6,"202201,202202",기타
2022,8517704090,3,202201,기타
2022,8519301000,1,202203,레코드판 자동교환 기능을 갖춘 것
2022,8519309000,8,"202201,202202,202204",기타
2022,8519812220,1,202202,휴대용(제85류 소호주 제1호에서 규정한 것은 제외한다)
2022,8519812290,1,202202,기타
2022,8519812900,1,202201,기타
2022,8519814111,1,202201,자동차용
2022,8519814190,1,202201,기타
2022,8519815020,1,202201,디스크형
2022,8519815090,2,202201,기타
2022,8519819000,4,202201,그 밖의 음성기록기(음성재생기를 갖춘 것인지에 상관없다)
2022,8519891000,2,202201,그 밖의 레코드 플레이어(음성기록장치를 갖추지 않은 것으로 한정한다)
2022,8519899010,1,202201,그 밖의 음성재생기(음성기록장치를 갖추지 않은 것으로 한정한다)
2022,8519899020,4,202201,그 밖의 음성기록기(음성재생기를 갖춘 것인지에 상관없다)
2022,8522909090,4,"202201,202202",기타
2022,8523291130,1,202201,폭이 6.5밀리미터를 초과하는 것
2022,8523291900,1,202202,기타
2022,8523292139,1,202201,기타
2022,8523292919,1,202201,기타
2022,8523292999,1,202201,기타
2022,8523491011,2,202201,컴퓨터 소프트웨어를 수록한 것
2022,8523491020,4,202201,음성만을 재생하는 것
2022,8523491031,1,202201,"명령ㆍ데이타ㆍ음성ㆍ영상을 재생하는 것(자동자료처리기계에서 이진법으로 운영되고, 사용자와 상호 연결이 가능한 것으로 한정한다)"
2022,8523491039,4,"202201,202202",기타
2022,8523499011,1,202201,컴퓨터 소프트웨어를 수록한 것
2022,8523499091,3,"202201,202209",비디오 녹화된 것
2022,8523499099,5,"202201,202204",기타
2022,8523592990,2,202201,기타
2022,8523593000,1,202201,프록시미티 카드(Proximity card)와 태그
2022,8523802100,7,"202201,202202,202204",축음기용 레코드판
2022,8523802210,1,202205,컴퓨터 소프트웨어를 수록한 것
2022,8523802290,2,202201,기타
2022,8523802990,9,"202201,202202,202205",기타
2022,8525801010,1,202201,녹화기용
2022,8525801020,8,"202201,202202,202203,202205",모니터용
2022,8525801090,4,"202201,202202,202205",기타
2022,8525802010,1,202201,정지화상비디오카메라
2022,8525802090,12,"202201,202202,202203,202204,202205,202206,202208,202209",기타
2022,8525803000,8,"202201,202202,202203,202209",비디오카메라레코더
2022,8528722020,3,"202201,202203",디지털의 것
2022,8529109300,3,202201,무선전화용ㆍ무선전신용 기기의 것
2022,8529901000,1,202201,레이더기기의 것
2022,8529909100,2,202201,항행용 무선기기ㆍ무선원격조절기의 것
2022,8529909400,2,202201,라디오방송용 수신기기의 것
2022,8529909500,1,202201,텔레비전 카메라의 것
2022,8529909642,5,"202201,202202,202203,202205",액정 디스플레이 방식용
2022,8529909649,1,202201,기타
2022,8529909910,3,202201,"수신기기가 결합된 송신기기, 디지털카메라용(디지털정지화상 비디오카메라의 것을 포함한다)"
2022,8529909921,2,"202201,202208",디스플레이 모듈
2022,8529909929,1,202201,기타
2022,8529909990,6,"202201,202202,202203,202204",기타
2022,8531105000,1,202201,사이렌
2022,8532309000,1,202201,기타
2022,8537101000,1,202201,배전반
2022,8537102020,2,202201,프로그램이 가능한 제어기
2022,8537102090,12,"202201,202202,202203,202205,202207,202211",기타
2022,8537109000,9,"202201,202202,202203,202206",기타
2022,8538904000,3,202201,제어반의 것
2022,8539500000,2,"202201,202202",발광다이오드(엘이디)램프
2022,8541401000,2,202201,"칩, 다이스와 절단되지 않은 웨이퍼"
2022,8541402010,1,202201,레이저소자
2022,8541402090,6,"202201,202202",기타
2022,8541409021,2,"202201,202203",태양전지
2022,8541409022,1,202201,태양광모듈(태양전지가 모듈 또는 패널로 조립된 것을 포함한다.)
2022,8541409029,4,202201,기타
2022,8541409090,5,"202201,202203",기타
2022,8541501000,3,202201,"칩, 다이스와 절단되지 않은 웨이퍼"
2022,8541509000,1,202201,기타
2022,8542314090,2,"202201,202202",기타
2022,8542324030,1,202201,제8517호의 기기에 전용되거나 주로 사용되는 것
2022,8542334090,1,202201,기타
2022,8542394090,5,"202201,202202,202203,202204",기타
2022,8542901000,1,202201,모노리식(monolithic) 집적회로의 것
2022,8542904090,1,202203,기타
2022,8543704090,4,"202201,202203",기타
2022,8543909019,1,202201,기타
2022,8543909090,4,202201,기타
2022,8548105000,4,202201,소호 제7802.00호의 것
2022,8548901000,1,202201,전자 초소형 조립회로
2022,8548909000,4,202201,기타
2022,8803100000,1,202201,프로펠러ㆍ로터(rotor)와 이들의 부분품
2022,8803200000,2,202201,기체 지지부와 그 부분품
2022,8803301000,2,202201,비행기의 것
2022,8803909000,2,"202201,202206",기타
2022,9001103000,1,202201,광섬유 케이블
2022,9004909090,9,"202201,202204,202205,202206",기타
2022,9005801000,1,202201,단안경
2022,9005809000,3,202201,기타
2022,9006301000,1,202201,수중촬영용 사진기
2022,9006401000,2,202201,폴라로이드 사진기
2022,9006519000,2,202201,기타
2022,9006691000,1,202201,섬광전구와 이와 유사한 물품
2022,9006699000,2,"202201,202202",기타
2022,9007209000,2,"202201,202202",기타
2022,9008502000,1,202201,그 밖의 투영기
2022,9008503000,1,202201,사진 확대기와 사진 축소기(영화용의 것은 제외한다)
2022,9013801190,1,202201,기타
2022,9013801990,2,202201,기타
2022,9018908010,1,202201,레이저 작동식 기기
2022,9018908090,2,202201,기타
2022,9018909080,7,"202201,202205",기타
2022,9018909090,11,"202201,202204,202205",부분품과 부속품
2022,9025803090,2,202201,기타
2022,9026109000,2,202201,기타
2022,9026201190,5,202201,기타
2022,9026201900,5,"202201,202203",기타
2022,9027301000,1,202201,분광계
2022,9027801000,1,202201,그 밖의 물리분석용ㆍ화학분석용 기기
2022,9027802010,2,202201,피ㆍ에이치(PH) 미터
2022,9027802090,6,202201,기타
2022,9030201090,5,202201,기타
2022,9030336000,2,"202201,202202",주파수 측정기
2022,9030409000,2,202201,기타
2022,9032811090,1,202201,기타
2022,9101191000,1,202201,광전자식 표시부만을 갖춘 것
2022,9101199000,1,202201,기타
2022,9104001000,1,202201,차량용
2022,9104004000,1,202201,선박용
2022,9110119000,1,202201,기타
2022,9205902090,1,202201,기타
2022,9205903010,1,202201,아코디언
2022,9208909000,2,202201,기타
2022,9209993000,1,202201,뮤지컬 박스용 메커니즘
2022,9209999000,3,"202201,202202,202204",기타
2022,9401303000,1,202201,가죽으로 덮어씌운 것
2022,9401309000,4,"202201,202203",기타
2022,9401409000,2,202201,기타
2022,9401599000,1,202203,기타
2022,9401809000,13,"202201,202202,202204,202205,202209",기타
2022,9401901000,2,"202201,202203",목재로 만든 것
2022,9401902000,2,202201,금속으로 만든 것
2022,9401909000,6,202201,기타
2022,9403601020,1,202201,화장대
2022,9403601090,2,202201,기타
2022,9403709000,8,"202201,202202,202204,202205",기타
2022,9403900000,21,"202201,202203,202207",부분품
2022,9405101000,1,202201,필라멘트 램프의 것
2022,9405103000,6,"202201,202202,202203,202204",발광다이오드(엘이디)의 것
2022,9405109000,4,202201,기타
2022,9405201000,1,202201,필라멘트 램프의 것
2022,9405203000,6,"202201,202202,202203,202204,202209",발광다이오드(엘이디)의 것
2022,9405209000,10,"202201,202202,202203",기타
2022,9405302000,1,202201,발광다이오드(엘이디)의 것
2022,9405309000,1,202201,기타
2022,9405402000,2,"202201,202203",투광형
2022,9405403000,2,202201,가로등의 것
2022,9405409000,16,"202201,202202,202204,202205,202206,202207,202210",기타
2022,9405603000,1,202201,형광램프의 것
2022,9405604000,6,"202201,202202,202203,202204,202208",발광다이오드(엘이디)의 것
2022,9405609000,4,"202201,202202,202203",기타
2022,9405919000,1,202201,기타
2022,9405929000,2,202201,기타
2022,9405999000,8,202201,기타
2022,9503003494,4,"202201,202202,202206",금속으로 만든 것
2022,9508900000,1,202201,기타
2022,9602009020,1,202201,흑옥(광물성 흑옥 유사품을 포함한다)ㆍ호박ㆍ해포석ㆍ응결한 호박ㆍ응결한 해포석의 가공품과 그 제품
2022,9608401000,1,202201,프로펠링 펜슬(propelling pencil)
2022,9608402010,2,202201,메커니컬 타입의 것
2022,9608402090,2,202201,기타
2022,9609903010,1,202201,필기용
2022,9609903090,1,202201,기타
2022,9610009000,2,"202201,202203",기타
2022,9614001000,1,202205,파이프와 파이프 볼(pipe bowl)
2022,9614009000,2,202201,기타
2022,9701101000,5,202201,회화
2022,9701900000,2,202201,기타
2022,9702001000,2,202201,판화
2022,9702002000,1,202201,인쇄화
2022,9702003000,2,202201,석판화
2022,9703001000,1,202201,조각
2022,9703002000,1,202201,조상(彫像)
2022,9705000000,3,"202201,202202",수집품과 표본[동물학ㆍ식물학ㆍ광물학ㆍ해부학ㆍ사학ㆍ고고학ㆍ고생물학ㆍ민족학ㆍ고전학(古錢學)에 관한 것으로 한정한다]
2022,9706009000,2,202201,기타
2022,9999999290,673,"202201,202202,202203,202204,202205,202206,202207,202208,202209,202210,202211,202212",-
2023,3402201000,1,202307,조제 세제
2023,4202199000,1,202312,기타
2023,4202299000,1,202311,기타
2023,4905990000,1,202305,기타
2023,6105909000,1,202303,기타
2023,6201990000,1,202310,그 밖의 방직용 섬유로 만든 것
2023,6911909000,1,202303,기타
2023,8443325090,1,202305,기타
2023,8462999000,1,202301,기타
2023,8517626090,1,202302,기타
2023,8523802100,1,202305,축음기용 레코드판
2023,8525803000,1,202312,비디오카메라레코더
2023,8528722020,1,202302,디지털의 것
2023,9999999290,645,"202301,202302,202303,202304,202305,202306,202307,202308,202309,202310,202311,202312",-
2024,9999999290,41,"202401,202402,202404,202408",-
2025,3814002900,2,202501,기타
2025,3907291000,2,202501,폴리옥시에틸렌(폴리에틸렌 글리콜)
2025,3907292000,2,202501,폴리옥시프로필렌(폴리프로필렌 글리콜)
2025,4402101000,1,202501,성형 목탄
2025,4402901010,4,202501,구이용
2025,4421999000,3,202501,기타
2025,8101969000,1,202501,기타
2025,8414809210,4,202501,소비전력이 74.6킬로와트 미만인 것
2025,8481802000,2,202501,탭ㆍ코크와 트랩
2025,8501520000,5,202501,출력이 750와트 초과 75킬로와트 이하인 것
2025,8501531000,1,202501,출력이 375킬로와트 이하인 것
2025,9014800000,2,202501,그 밖의 항행용 기기
2025,9021100000,3,202501,정형외과용이나 골절치료용 기기
2025,9021390000,2,202501,기타
2025,9021901000,3,"202501,202502",스크루ㆍ스테이플ㆍ핀과 그 밖에 이와 유사한 것으로 인체에 삽입되는 것
2025,9031801000,1,202501,초음파 어군탐지기
2025,9999999290,1,202503,-
2026,9999999290,1,202603,-
